Timestamp,Selection,Current_Bank,Region,Bank_Choice_Criterion,Fee_Influence,Account_Interest,Branch_Location_Importance,Family_Influence,Account_Benefits,Online_Banking_Importance,Online_Platform_Features,Customer_Service_Importance,Bank_Service_Exp,Reason_Choose_Other_Bank,Bank_Concerns,Service_Support_Expectations,Likelihood_Open_Elsewhere,Interested_Bank_Service,Experience_Influence_Change,Current_Challenges,ATM_Availability_Importance,Preferred_Communication,Banks_Considering,Likelihood_Bank_Change
8/13/2024 14:01:28,Je suis intéressé(e) par une autre banque,CIH,Tanger-Tetouan-Al Hoceima,Bon service client,Influents,Compte courant,Important,Influencé,Frais plus bas,Très importante,Haute sécurité,Très important,Mauvaise,Meilleur service client,"Oui, des préoccupations liées au service",Excellent service client,Très probable,Comptes courants,Influencé,Mauvais service client,Très importants,Application mobile,BMCE Bank of Africa,8
8/13/2024 14:01:33,Je suis intéressé(e) par une autre banque,Attijariwafa Bank,Casablanca-Settat,Fonctionnalités en ligne,Influents,Compte courant,Très important,Très influencé,N/A,Très importante,Haute sécurité,Très important,Excellente,Meilleures fonctionnalités de banque en ligne,"Oui, des préoccupations de sécurité",Banque en ligne conviviale,Très probable,Comptes d'épargne,Très influencé,Aucun,Très importants,Par téléphone,Banque Populaire,0
8/13/2024 14:01:33,Je suis intéressé(e) par une autre banque,Attijariwafa Bank,Casablanca-Settat,Fonctionnalités en ligne,Influents,Compte courant,Très important,Très influencé,N/A,Très importante,Haute sécurité,Très important,Excellente,Meilleures fonctionnalités de banque en ligne,"Oui, des préoccupations de sécurité",Banque en ligne conviviale,Très probable,Comptes d'épargne,Très influencé,Aucun,Très importants,Par téléphone,BMCE Bank of Africa,0
8/13/2024 14:01:33,Je suis intéressé(e) par une autre banque,Attijariwafa Bank,Casablanca-Settat,Fonctionnalités en ligne,Influents,Compte courant,Très important,Très influencé,N/A,Très importante,Haute sécurité,Très important,Excellente,Meilleures fonctionnalités de banque en ligne,"Oui, des préoccupations de sécurité",Banque en ligne conviviale,Très probable,Comptes d'épargne,Très influencé,Aucun,Très importants,Par téléphone,CIH,0
8/13/2024 14:02:58,Je suis intéressé(e) par une autre banque,CIH,Casablanca-Settat,Fonctionnalités en ligne,Influents,Compte courant,Neutre,Peu influencé,Plus d'options de compte,Très importante,Haute sécurité,Très important,Bonne,Meilleur service client,"Oui, des préoccupations de sécurité",Excellent service client,Neutre,Comptes courants,Neutre,Mauvais service client,Importants,En personne,BMCI BNP Paribas,5
8/13/2024 14:06:22,Je suis intéressé(e) par une autre banque,CIH,Casablanca-Settat,Frais bas,Très influents,Compte courant,Neutre,Neutre,Frais plus bas,Neutre,Gestion complète du compte,Neutre,Neutre,Frais plus bas,"Oui, des préoccupations liées aux frais",Frais et taux compétitifs,Neutre,Prêts et crédit,Peu influencé,Mauvais service client,Neutre,Par email,CFG Bank,7
8/13/2024 14:06:22,Je suis intéressé(e) par une autre banque,CIH,Casablanca-Settat,Frais bas,Très influents,Compte courant,Neutre,Neutre,Frais plus bas,Neutre,Gestion complète du compte,Neutre,Neutre,Frais plus bas,"Oui, des préoccupations liées aux frais",Frais et taux compétitifs,Neutre,Prêts et crédit,Peu influencé,Mauvais service client,Neutre,Par téléphone,Attijariwafa Bank,7
8/13/2024 14:06:22,Je suis intéressé(e) par une autre banque,CIH,Casablanca-Settat,Frais bas,Très influents,Compte courant,Neutre,Neutre,Frais plus bas,Neutre,Gestion complète du compte,Neutre,Neutre,Frais plus bas,"Oui, des préoccupations liées aux frais",Frais et taux compétitifs,Neutre,Prêts et crédit,Peu influencé,Mauvais service client,Neutre,Par email,Banque Populaire,7
8/13/2024 14:06:22,Je suis intéressé(e) par une autre banque,CIH,Casablanca-Settat,Frais bas,Très influents,Compte courant,Neutre,Neutre,Frais plus bas,Neutre,Gestion complète du compte,Neutre,Neutre,Frais plus bas,"Oui, des préoccupations liées aux frais",Frais et taux compétitifs,Neutre,Prêts et crédit,Peu influencé,Mauvais service client,Neutre,Application mobile,Société Générale,7
8/13/2024 14:06:22,Je suis intéressé(e) par une autre banque,CIH,Casablanca-Settat,Frais bas,Très influents,Compte courant,Neutre,Neutre,Frais plus bas,Neutre,Gestion complète du compte,Neutre,Neutre,Frais plus bas,"Oui, des préoccupations liées aux frais",Frais et taux compétitifs,Neutre,Prêts et crédit,Peu influencé,Mauvais service client,Neutre,Par téléphone,BMCE Bank of Africa,7
8/13/2024 14:06:22,Je suis intéressé(e) par une autre banque,CIH,Casablanca-Settat,Frais bas,Très influents,Compte courant,Neutre,Neutre,Frais plus bas,Neutre,Gestion complète du compte,Neutre,Neutre,Frais plus bas,"Oui, des préoccupations liées aux frais",Frais et taux compétitifs,Neutre,Prêts et crédit,Peu influencé,Mauvais service client,Neutre,Application mobile,BMCI BNP Paribas,7
8/13/2024 14:06:22,Je suis intéressé(e) par une autre banque,CIH,Casablanca-Settat,Frais bas,Très influents,Compte courant,Neutre,Neutre,Frais plus bas,Neutre,Gestion complète du compte,Neutre,Neutre,Frais plus bas,"Oui, des préoccupations liées aux frais",Frais et taux compétitifs,Neutre,Prêts et crédit,Peu influencé,Mauvais service client,Neutre,Par email,Crédit du Maroc,7
8/13/2024 14:06:22,Je suis intéressé(e) par une autre banque,CIH,Casablanca-Settat,Frais bas,Très influents,Compte courant,Neutre,Neutre,Frais plus bas,Neutre,Gestion complète du compte,Neutre,Neutre,Frais plus bas,"Oui, des préoccupations liées aux frais",Frais et taux compétitifs,Neutre,Prêts et crédit,Peu influencé,Mauvais service client,Neutre,Par email,CIH,7
8/13/2024 14:07:04,Je suis intéressé(e) par une autre banque,CIH,Casablanca-Settat,Frais bas,Très influents,Compte courant,Important,Influencé,Meilleures récompenses ou incitations,Très importante,Gestion complète du compte,Très important,Excellente,Je suis satisfaite de ma banque actuelle ,Aucune préoccupation,Excellent service client,Très probable,Comptes courants,Neutre,Aucun défi ,Très importants,Par téléphone,Attijariwafa Bank,1
8/13/2024 14:35:11,Je suis intéressé(e) par une autre banque,Banque Populaire,Oriental,Bon service client,Neutre,Compte courant,Très important,Neutre,Plus d'options de compte,Neutre,Gestion complète du compte,Très important,Excellente,Meilleur service client,"Oui, des préoccupations liées au service",Frais et taux compétitifs,Probable,Banque d'affaires,Neutre,Emplacements des agences inconvénients,Très importants,Par téléphone,Attijariwafa Bank,6
8/13/2024 14:40:07,Je suis intéressé(e) par une autre banque,BMCE Bank of Africa,Drâa-Tafilalet,Bon service client,Très influents,Compte courant,Pas important du tout,Influencé,Plus d'options de compte,Très importante,Haute sécurité,Très important,Très mauvaise,Meilleur service client,"Oui, des préoccupations de sécurité",Excellent service client,Neutre,Comptes courants,Très influencé,Mauvais service client,Très importants,Par téléphone,Attijariwafa Bank,10
8/13/2024 14:58:04,Je suis intéressé(e) par une autre banque,Société Générale,Casablanca-Settat,Fonctionnalités en ligne,Peu influents,Compte courant,Très important,Influencé,Plus d'options de compte,Très importante,Gestion complète du compte,Très important,Bonne,Meilleures fonctionnalités de banque en ligne,"Oui, des préoccupations liées au service",Banque en ligne conviviale,Probable,Comptes courants,Peu influencé,Emplacements des agences inconvénients,Très importants,Par téléphone,BMCE Bank of Africa,5
8/13/2024 14:58:04,Je suis intéressé(e) par une autre banque,Société Générale,Casablanca-Settat,Fonctionnalités en ligne,Peu influents,Compte courant,Très important,Influencé,Plus d'options de compte,Très importante,Gestion complète du compte,Très important,Bonne,Meilleures fonctionnalités de banque en ligne,"Oui, des préoccupations liées au service",Banque en ligne conviviale,Probable,Comptes courants,Peu influencé,Emplacements des agences inconvénients,Très importants,Par téléphone,CIH,5
8/13/2024 15:08:36,Je suis intéressé(e) par une autre banque,Attijariwafa Bank,Casablanca-Settat,Fonctionnalités en ligne,Influents,Compte courant,Pas important du tout,Neutre,Plus d'options de compte,Très importante,Gestion complète du compte,Important,Bonne,Meilleures fonctionnalités de banque en ligne,"Oui, des préoccupations liées au service",Banque en ligne conviviale,Neutre,Comptes courants,Influencé,Fonctionnalités limitées de banque en ligne,Importants,Application mobile,CIH,0
8/13/2024 15:16:17,Je suis intéressé(e) par une autre banque,Banque Populaire,Casablanca-Settat,Bon service client,Influents,Compte d'épargne,Très important,Très influencé,Taux d'intérêt compétitifs,Importante,Mise à jour rapide ,Très important,Neutre,Rien ,"Oui, des préoccupations liées au service",Excellent service client,Peu probable,Comptes courants,Très influencé,Un retard au niveau de l’application ,Très importants,En personne,None,2
8/13/2024 16:17:26,Je suis intéressé(e) par une autre banque,Banque Populaire,Fes-Meknes,Bon service client,Influents,Compte courant,Très important,Influencé,Frais plus bas,Très importante,Haute sécurité,Très important,Bonne,Meilleur service client,"Oui, des préoccupations liées au service",Excellent service client,Probable,Comptes courants,Influencé,Fonctionnalités limitées de banque en ligne,Très importants,Par téléphone,BMCI BNP Paribas,7
8/13/2024 16:21:55,Je suis intéressé(e) par une autre banque,Attijariwafa Bank,Casablanca-Settat,Options de compte,Influents,Compte courant,Important,Peu influencé,Plus d'options de compte,Très importante,Haute sécurité,Très important,Mauvaise,Meilleur service client,"Oui, des préoccupations liées au service",Banque en ligne conviviale,Probable,Comptes courants,Influencé,Mauvais service client,Très importants,En personne,Attijariwafa Bank,7
8/13/2024 17:31:05,Je suis intéressé(e) par une autre banque,CIH,Casablanca-Settat,Frais bas,Influents,Compte courant,Important,Influencé,Frais plus bas,Très importante,Haute sécurité,Important,Bonne,Sécurité,"Oui, des préoccupations de sécurité",Banque en ligne conviviale,Très probable,Comptes courants,Très influencé,Sécurité,Importants,Application mobile,Banque Populaire,10
8/13/2024 17:31:05,Je suis intéressé(e) par une autre banque,CIH,Casablanca-Settat,Frais bas,Influents,Compte courant,Important,Influencé,Frais plus bas,Très importante,Haute sécurité,Important,Bonne,Sécurité,"Oui, des préoccupations de sécurité",Banque en ligne conviviale,Très probable,Comptes courants,Très influencé,Sécurité,Importants,Application mobile,BMCE Bank of Africa,10
8/13/2024 19:41:38,Je suis intéressé(e) par une autre banque,CIH,Fes-Meknes,Fonctionnalités en ligne,Neutre,Compte courant,Important,Influencé,Plus d'options de compte,Importante,Haute sécurité,Neutre,Neutre,Meilleur service client,Aucune préoccupation,Frais et taux compétitifs,Neutre,Comptes courants,Influencé,Fonctionnalités limitées de banque en ligne,Importants,En personne,CIH,9
8/13/2024 20:25:46,Je suis intéressé(e) par une autre banque,CIH,Casablanca-Settat,Applique la finance avec les normes de l'islam,Neutre,Compte courant,Important,Influencé,N/A,Très importante,Tous les choix,Très important,Neutre,Refer to 3.,"1, 2 et 3 ",Excellent service client,Très probable,Refer to 3 ,Neutre,Emplacements des agences inconvénients,Très importants,Chat en ligne,Les banques participatives ( if exist ),9
8/14/2024 1:27:06,Je suis intéressé(e) par une autre banque,Société Générale,Rabat-Salé-Kenitra,Bon service client,Influents,Compte courant,Très important,Influencé,Frais plus bas,Très importante,Intégration d'application mobile,Très important,Neutre,Meilleures fonctionnalités de banque en ligne,"Oui, des préoccupations de sécurité",Banque en ligne conviviale,Neutre,Comptes courants,Neutre,Mauvais service client,Peu importants,Application mobile,Attijariwafa Bank,4
8/14/2024 1:27:06,Je suis intéressé(e) par une autre banque,Société Générale,Rabat-Salé-Kenitra,Bon service client,Influents,Compte courant,Très important,Influencé,Frais plus bas,Très importante,Intégration d'application mobile,Très important,Neutre,Meilleures fonctionnalités de banque en ligne,"Oui, des préoccupations de sécurité",Banque en ligne conviviale,Neutre,Comptes courants,Neutre,Mauvais service client,Peu importants,Application mobile,Banque Populaire,4
8/14/2024 1:27:06,Je suis intéressé(e) par une autre banque,Société Générale,Rabat-Salé-Kenitra,Bon service client,Influents,Compte courant,Très important,Influencé,Frais plus bas,Très importante,Intégration d'application mobile,Très important,Neutre,Meilleures fonctionnalités de banque en ligne,"Oui, des préoccupations de sécurité",Banque en ligne conviviale,Neutre,Comptes courants,Neutre,Mauvais service client,Peu importants,Application mobile,Société Générale,4
8/14/2024 1:27:06,Je suis intéressé(e) par une autre banque,Société Générale,Rabat-Salé-Kenitra,Bon service client,Influents,Compte courant,Très important,Influencé,Frais plus bas,Très importante,Intégration d'application mobile,Très important,Neutre,Meilleures fonctionnalités de banque en ligne,"Oui, des préoccupations de sécurité",Banque en ligne conviviale,Neutre,Comptes courants,Neutre,Mauvais service client,Peu importants,Application mobile,Crédit du Maroc,4
8/14/2024 1:27:06,Je suis intéressé(e) par une autre banque,Société Générale,Rabat-Salé-Kenitra,Bon service client,Influents,Compte courant,Très important,Influencé,Frais plus bas,Très importante,Intégration d'application mobile,Très important,Neutre,Meilleures fonctionnalités de banque en ligne,"Oui, des préoccupations de sécurité",Banque en ligne conviviale,Neutre,Comptes courants,Neutre,Mauvais service client,Peu importants,Application mobile,CIH,4
8/15/2024 0:09:12,Je suis intéressé(e) par une autre banque,CIH,Casablanca-Settat,Bon service client,Neutre,Compte courant,Très important,Peu influencé,Plus d'options de compte,Très importante,Gestion complète du compte,Très important,Bonne,Emplacements plus pratiques,"Oui, des préoccupations de sécurité",Banque en ligne conviviale,Très probable,Comptes courants,Neutre,Emplacements des agences inconvénients,Très importants,En personne,Attijariwafa Bank,5
8/15/2024 9:01:56,Je suis intéressé(e) par une autre banque,CIH,Fes-Meknes,Frais bas,Très influents,Compte courant,Neutre,Très influencé,Frais plus bas,Très importante,Gestion complète du compte,Important,Bonne,Frais plus bas,"Oui, des préoccupations de sécurité",Banque en ligne conviviale,Neutre,Comptes courants,Neutre,Taux de change ,Importants,Par téléphone,Banque Populaire,3
8/15/2024 9:01:56,Je suis intéressé(e) par une autre banque,CIH,Fes-Meknes,Frais bas,Très influents,Compte courant,Neutre,Très influencé,Frais plus bas,Très importante,Gestion complète du compte,Important,Bonne,Frais plus bas,"Oui, des préoccupations de sécurité",Banque en ligne conviviale,Neutre,Comptes courants,Neutre,Taux de change ,Importants,Par téléphone,CIH,3
8/15/2024 9:15:14,Je suis intéressé(e) par une autre banque,CIH,Casablanca-Settat,Fonctionnalités en ligne,Très influents,Compte courant,Important,Influencé,Frais plus bas,Très importante,Gestion complète du compte,Important,Neutre,Meilleures fonctionnalités de banque en ligne,"Oui, des préoccupations liées au service",Banque en ligne conviviale,Très probable,Comptes d'épargne,Influencé,Mauvais service client,Très importants,Application mobile,Attijariwafa Bank,7
8/15/2024 9:15:14,Je suis intéressé(e) par une autre banque,CIH,Casablanca-Settat,Fonctionnalités en ligne,Très influents,Compte courant,Important,Influencé,Frais plus bas,Très importante,Gestion complète du compte,Important,Neutre,Meilleures fonctionnalités de banque en ligne,"Oui, des préoccupations liées au service",Banque en ligne conviviale,Très probable,Comptes d'épargne,Influencé,Mauvais service client,Très importants,Application mobile,Société Générale,7
8/15/2024 9:22:39,Je suis intéressé(e) par une autre banque,CIH,Rabat-Salé-Kenitra,Bon service client,Peu influents,Compte courant,Très important,Peu influencé,Taux d'intérêt compétitifs,Peu importante,Intégration d'application mobile,Important,Neutre,Emplacements plus pratiques,"Oui, des préoccupations liées au service",Banque en ligne conviviale,Probable,Comptes courants,Neutre,Fonctionnalités limitées de banque en ligne,Importants,Chat en ligne,Banque Populaire,5
8/15/2024 9:22:39,Je suis intéressé(e) par une autre banque,CIH,Rabat-Salé-Kenitra,Bon service client,Peu influents,Compte courant,Très important,Peu influencé,Taux d'intérêt compétitifs,Peu importante,Intégration d'application mobile,Important,Neutre,Emplacements plus pratiques,"Oui, des préoccupations liées au service",Banque en ligne conviviale,Probable,Comptes courants,Neutre,Fonctionnalités limitées de banque en ligne,Importants,Chat en ligne,BMCE Bank of Africa,5
8/15/2024 9:36:47,Je suis intéressé(e) par une autre banque,CIH,Rabat-Salé-Kenitra,Bon service client,Influents,Compte courant,Très important,Influencé,Plus d'options de compte,Importante,Haute sécurité,Très important,Bonne,Meilleur service client,"Oui, des préoccupations de sécurité",Excellent service client,Probable,Comptes courants,Influencé,Emplacements des agences inconvénients,Très importants,Par téléphone,Attijariwafa Bank,8
8/15/2024 9:36:47,Je suis intéressé(e) par une autre banque,CIH,Rabat-Salé-Kenitra,Bon service client,Influents,Compte courant,Très important,Influencé,Plus d'options de compte,Importante,Haute sécurité,Très important,Bonne,Meilleur service client,"Oui, des préoccupations de sécurité",Excellent service client,Probable,Comptes courants,Influencé,Emplacements des agences inconvénients,Très importants,Par téléphone,Banque Populaire,8
8/15/2024 10:16:48,Je suis intéressé(e) par une autre banque,Attijariwafa Bank,Casablanca-Settat,Frais bas,Très influents,Compte courant,Très important,Très influencé,Taux d'intérêt compétitifs,Très importante,Navigation facile,Très important,Excellente,Frais plus bas,"Oui, des préoccupations de sécurité",Excellent service client,Très probable,Comptes courants,Très influencé,Frais élevés,Très importants,En personne,Attijariwafa Bank,0
8/15/2024 10:18:14,Je suis intéressé(e) par une autre banque,Attijariwafa Bank,Casablanca-Settat,Fonctionnalités en ligne,Peu influents,Compte courant,Important,Peu influencé,Les services en ligne,Très importante,Les services de consultation et transactionnelle ,Important,Neutre,Meilleures fonctionnalités de banque en ligne,"Oui, des préoccupations de sécurité",Excellent service client,Peu probable,Comptes courants,Neutre,RAS,Très importants,Par téléphone,RAS,1
8/15/2024 10:18:15,Je suis intéressé(e) par une autre banque,Attijariwafa Bank,Casablanca-Settat,Frais bas,Très influents,Compte courant,Important,Influencé,Taux d'intérêt compétitifs,Importante,Intégration d'application mobile,Important,Bonne,Frais plus bas,"Oui, des préoccupations liées au service",Frais et taux compétitifs,Neutre,Comptes courants,Influencé,Mauvais service client,Neutre,Par téléphone,Attijariwafa Bank,6
8/15/2024 10:18:15,Je suis intéressé(e) par une autre banque,Attijariwafa Bank,Casablanca-Settat,Frais bas,Très influents,Compte courant,Important,Influencé,Taux d'intérêt compétitifs,Importante,Intégration d'application mobile,Important,Bonne,Frais plus bas,"Oui, des préoccupations liées au service",Frais et taux compétitifs,Neutre,Comptes courants,Influencé,Mauvais service client,Neutre,Par téléphone,Banque Populaire,6
8/15/2024 10:44:41,Je suis intéressé(e) par une autre banque,CIH,Casablanca-Settat,Fonctionnalités en ligne,Très influents,Compte courant,Important,Neutre,Plus d'options de compte,Neutre,Haute sécurité,Important,Neutre,Meilleures fonctionnalités de banque en ligne,"Oui, des préoccupations liées au service",Banque en ligne conviviale,Probable,Comptes courants,Neutre,Fonctionnalités limitées de banque en ligne,Neutre,En personne,BMCE Bank of Africa,7
8/15/2024 10:44:41,Je suis intéressé(e) par une autre banque,CIH,Casablanca-Settat,Fonctionnalités en ligne,Très influents,Compte courant,Important,Neutre,Plus d'options de compte,Neutre,Haute sécurité,Important,Neutre,Meilleures fonctionnalités de banque en ligne,"Oui, des préoccupations liées au service",Banque en ligne conviviale,Probable,Comptes courants,Neutre,Fonctionnalités limitées de banque en ligne,Neutre,En personne,CIH,7
8/15/2024 11:00:22,Je suis intéressé(e) par une autre banque,CIH,Drâa-Tafilalet,Bon service client,Neutre,Compte courant,Peu important,Neutre,Taux d'intérêt compétitifs,Très importante,Haute sécurité,Important,Neutre,Meilleur service client,"Oui, des préoccupations de sécurité",Excellent service client,Neutre,Comptes courants,Influencé,Mauvais service client,Importants,En personne,Attijariwafa Bank,7
8/15/2024 11:22:21,Je suis intéressé(e) par une autre banque,Barid banque,Beni Mellal-Khenifra,Bon service client,Très influents,Compte courant,Très important,Influencé,Taux d'intérêt compétitifs,Très importante,Haute sécurité,Très important,Neutre,Meilleur service client,"Oui, des préoccupations liées au service",Excellent service client,Probable,Comptes courants,Neutre,Emplacements des agences inconvénients,Très importants,Par téléphone,CIH,5
8/15/2024 11:27:33,Je suis intéressé(e) par une autre banque,CIH,Rabat-Salé-Kenitra,code 30,Pas influents du tout,Compte courant,Peu important,Influencé,Plus d'options de compte,Neutre,Gestion complète du compte,Important,Neutre,Frais plus bas,Aucune préoccupation,Excellent service client,Très improbable,Banque d'affaires,Pas influencé du tout,Mauvais service client,Peu importants,Application mobile,Attijariwafa Bank,4
8/15/2024 12:16:08,Je suis intéressé(e) par une autre banque,Banque Populaire,Beni Mellal-Khenifra,Bon service client,Très influents,Compte d'épargne,Très important,Influencé,Frais plus bas,Très importante,Navigation facile,Très important,Excellente,Frais plus bas,"Oui, des préoccupations de sécurité",Frais et taux compétitifs,Très probable,Comptes d'épargne,Très influencé,Mauvais service client,Très importants,Par téléphone,Attijariwafa Bank,7
8/15/2024 12:16:08,Je suis intéressé(e) par une autre banque,Banque Populaire,Beni Mellal-Khenifra,Bon service client,Très influents,Compte d'épargne,Très important,Influencé,Frais plus bas,Très importante,Navigation facile,Très important,Excellente,Frais plus bas,"Oui, des préoccupations de sécurité",Frais et taux compétitifs,Très probable,Comptes d'épargne,Très influencé,Mauvais service client,Très importants,Par téléphone,BMCE Bank of Africa,7
8/15/2024 12:33:58,Je suis intéressé(e) par une autre banque,Attijariwafa Bank,Casablanca-Settat,Bon service client,Neutre,Compte d'épargne,Très important,Influencé,Frais plus bas,Importante,Haute sécurité,Très important,Neutre,Frais plus bas,"Oui, des préoccupations de sécurité",Excellent service client,Probable,Comptes d'épargne,Influencé,Fonctionnalités limitées de banque en ligne,Importants,En personne,Attijariwafa Bank,5
8/15/2024 13:19:17,Je suis intéressé(e) par une autre banque,CIH,Casablanca-Settat,Fonctionnalités en ligne,Neutre,Compte courant,Très important,Pas influencé du tout,Frais plus bas,Très importante,Haute sécurité,Très important,Bonne,Meilleur service client,"Oui, des préoccupations de sécurité",Excellent service client,Très probable,Comptes courants,Neutre,la sécurité ,Très importants,En personne,Attijariwafa Bank,10
8/15/2024 13:52:50,Je suis intéressé(e) par une autre banque,Banque Populaire,Casablanca-Settat,Fonctionnalités en ligne,Très influents,Compte entreprise/professionnel,Important,Influencé,Taux d'intérêt compétitifs,Importante,Haute sécurité,Important,Mauvaise,Meilleur service client,"Oui, des préoccupations de sécurité",Banque en ligne conviviale,Probable,Comptes d'épargne,Influencé,Mauvais service client,Importants,Application mobile,BMCE Bank of Africa,4
8/15/2024 14:31:18,Je suis intéressé(e) par une autre banque,CFG Bank,Casablanca-Settat,Bon service client,Influents,Compte d'épargne,Important,Neutre,Plus d'options de compte,Très importante,Navigation facile,Très important,Excellente,Meilleur service client,"Oui, des préoccupations de sécurité",Banque en ligne conviviale,Très improbable,Comptes courants,Influencé,Fonctionnalités limitées de banque en ligne,Très importants,Par téléphone,CIH,0
8/15/2024 14:31:18,Je suis intéressé(e) par une autre banque,CFG Bank,Casablanca-Settat,Bon service client,Influents,Compte d'épargne,Important,Neutre,Plus d'options de compte,Très importante,Navigation facile,Très important,Excellente,Meilleur service client,"Oui, des préoccupations de sécurité",Banque en ligne conviviale,Très improbable,Comptes courants,Influencé,Fonctionnalités limitées de banque en ligne,Très importants,Par téléphone,CFG Bank,0
8/15/2024 14:33:58,Je suis intéressé(e) par une autre banque,CIH,Casablanca-Settat,Frais bas,Neutre,Compte courant,Très important,Influencé,Frais plus bas,Très importante,Intégration d'application mobile,Important,Neutre,Frais plus bas,"Oui, des préoccupations liées aux frais",Excellent service client,Probable,Comptes courants,Neutre,Fonctionnalités limitées de banque en ligne,Neutre,Par email,CIH,5
8/15/2024 14:42:03,Je suis intéressé(e) par une autre banque,CIH,Casablanca-Settat,Frais bas,Très influents,Compte courant,Très important,Très influencé,Taux d'intérêt compétitifs,Importante,Navigation facile,Très important,Bonne,Meilleur service client,"Oui, des préoccupations de sécurité",Excellent service client,Probable,Prêts et crédit,Influencé,Mauvais service client,Très importants,En personne,Attijariwafa Bank,3
8/15/2024 15:34:11,Je suis intéressé(e) par une autre banque,CIH,Souss-Massa,Bon service client,Neutre,Compte courant,Important,Pas influencé du tout,Frais plus bas,Très importante,Navigation facile,Très important,Bonne,Meilleures fonctionnalités de banque en ligne,Aucune préoccupation,Excellent service client,Probable,Comptes courants,Neutre,Emplacements des agences inconvénients,Très importants,Chat en ligne,Umnia bank,7
8/15/2024 15:45:11,Je suis intéressé(e) par une autre banque,Attijariwafa Bank,Tanger-Tetouan-Al Hoceima,Fonctionnalités en ligne,Très influents,Compte courant,Très important,Influencé,Taux d'intérêt compétitifs,Très importante,Gestion complète du compte,Très important,Très mauvaise,Frais plus bas,Aucune préoccupation,Frais et taux compétitifs,Probable,Prêts et crédit,Influencé,Frais élevés,Très importants,Chat en ligne,Société Générale,7
8/15/2024 15:45:11,Je suis intéressé(e) par une autre banque,Attijariwafa Bank,Tanger-Tetouan-Al Hoceima,Fonctionnalités en ligne,Très influents,Compte courant,Très important,Influencé,Taux d'intérêt compétitifs,Très importante,Gestion complète du compte,Très important,Très mauvaise,Frais plus bas,Aucune préoccupation,Frais et taux compétitifs,Probable,Prêts et crédit,Influencé,Frais élevés,Très importants,Chat en ligne,BMCI BNP Paribas,7
8/15/2024 15:45:11,Je suis intéressé(e) par une autre banque,Attijariwafa Bank,Tanger-Tetouan-Al Hoceima,Fonctionnalités en ligne,Très influents,Compte courant,Très important,Influencé,Taux d'intérêt compétitifs,Très importante,Gestion complète du compte,Très important,Très mauvaise,Frais plus bas,Aucune préoccupation,Frais et taux compétitifs,Probable,Prêts et crédit,Influencé,Frais élevés,Très importants,Chat en ligne,CFG Bank,7
8/15/2024 15:46:15,Je suis intéressé(e) par une autre banque,Crédit du Maroc,Fes-Meknes,Bon service client,Très influents,Compte d'épargne,Important,Influencé,Frais plus bas,Importante,Intégration d'application mobile,Très important,Neutre,Frais plus bas,"Oui, des préoccupations liées aux frais",Produits financiers complets,Neutre,Prêts et crédit,Neutre,Fonctionnalités limitées de banque en ligne,Importants,En personne,TBD,6
8/15/2024 15:48:38,Je suis intéressé(e) par une autre banque,CIH,Beni Mellal-Khenifra,Fonctionnalités en ligne,Très influents,Compte d'épargne,Très important,Influencé,Taux d'intérêt compétitifs,Très importante,Haute sécurité,Important,Neutre,Meilleures fonctionnalités de banque en ligne,"Oui, des préoccupations liées aux frais",Excellent service client,Probable,Comptes courants,Neutre,Fonctionnalités limitées de banque en ligne,Importants,Par téléphone,Crédit du Maroc,10
8/15/2024 19:28:48,Je suis intéressé(e) par une autre banque,CIH,Casablanca-Settat,Bon service client,Très influents,Compte courant,Très important,Influencé,Frais plus bas,Très importante,Haute sécurité,Très important,Bonne,Meilleur service client,"Oui, des préoccupations de sécurité",Frais et taux compétitifs,Probable,Comptes courants,Influencé,Mauvais service client,Importants,Application mobile,Attijariwafa Bank,7
8/15/2024 19:28:48,Je suis intéressé(e) par une autre banque,CIH,Casablanca-Settat,Bon service client,Très influents,Compte courant,Très important,Influencé,Frais plus bas,Très importante,Haute sécurité,Très important,Bonne,Meilleur service client,"Oui, des préoccupations de sécurité",Frais et taux compétitifs,Probable,Comptes courants,Influencé,Mauvais service client,Importants,Application mobile,Banque Populaire,7
8/15/2024 19:28:48,Je suis intéressé(e) par une autre banque,CIH,Casablanca-Settat,Bon service client,Très influents,Compte courant,Très important,Influencé,Frais plus bas,Très importante,Haute sécurité,Très important,Bonne,Meilleur service client,"Oui, des préoccupations de sécurité",Frais et taux compétitifs,Probable,Comptes courants,Influencé,Mauvais service client,Importants,Application mobile,CFG Bank,7
8/15/2024 20:00:15,Je suis intéressé(e) par une autre banque,CIH,Casablanca-Settat,Frais bas,Influents,Compte courant,Important,Influencé,Frais plus bas,Importante,Gestion complète du compte,Important,Mauvaise,Meilleures fonctionnalités de banque en ligne,"Oui, des préoccupations de sécurité",Excellent service client,Probable,Comptes courants,Neutre,Emplacements des agences inconvénients,Très importants,Application mobile,Attijariwafa Bank,7
8/15/2024 21:01:02,Je suis intéressé(e) par une autre banque,Banque Populaire,Casablanca-Settat,Bon service client,Influents,Compte courant,Très important,Très influencé,Frais plus bas,Importante,Haute sécurité,Important,Bonne,Meilleur service client,"Oui, des préoccupations liées aux frais",Frais et taux compétitifs,Probable,Comptes courants,Influencé,Emplacements des agences inconvénients,Neutre,En personne,Attijariwafa Bank,1
8/15/2024 23:15:57,Je suis intéressé(e) par une autre banque,CIH,Marrakech-Safi-Essaouira,Fonctionnalités en ligne,Neutre,Compte entreprise/professionnel,Très important,Influencé,Frais plus bas,Très importante,Intégration d'application mobile,Important,Bonne,Meilleures fonctionnalités de banque en ligne,Aucune préoccupation,Frais et taux compétitifs,Probable,Comptes d'épargne,Peu influencé,Mauvais service client,Importants,Application mobile,Société Générale,5
8/15/2024 23:15:57,Je suis intéressé(e) par une autre banque,CIH,Marrakech-Safi-Essaouira,Fonctionnalités en ligne,Neutre,Compte entreprise/professionnel,Très important,Influencé,Frais plus bas,Très importante,Intégration d'application mobile,Important,Bonne,Meilleures fonctionnalités de banque en ligne,Aucune préoccupation,Frais et taux compétitifs,Probable,Comptes d'épargne,Peu influencé,Mauvais service client,Importants,Application mobile,CIH,5
8/16/2024 13:50:58,Je suis intéressé(e) par une autre banque,BMCE Bank of Africa,Souss-Massa,Bon service client,Très influents,Compte courant,Très important,Influencé,Frais plus bas,Très importante,Navigation facile,Très important,Neutre,Emplacements plus pratiques,"Oui, des préoccupations liées aux frais",Frais et taux compétitifs,Probable,Comptes courants,Influencé,Emplacements des agences inconvénients,Très importants,Par téléphone,Banque Populaire,7
8/17/2024 0:10:50,Je suis intéressé(e) par une autre banque,Banque Populaire,Casablanca-Settat,Bon service client,Peu influents,Compte entreprise/professionnel,Important,Influencé,Taux d'intérêt compétitifs,Très importante,Haute sécurité,Très important,Mauvaise,Meilleur service client,"Oui, des préoccupations liées au service",Excellent service client,Très probable,Comptes courants,Très influencé,Mauvais service client,Importants,Application mobile,Attijariwafa Bank,8
8/17/2024 0:10:50,Je suis intéressé(e) par une autre banque,Banque Populaire,Casablanca-Settat,Bon service client,Peu influents,Compte entreprise/professionnel,Important,Influencé,Taux d'intérêt compétitifs,Très importante,Haute sécurité,Très important,Mauvaise,Meilleur service client,"Oui, des préoccupations liées au service",Excellent service client,Très probable,Comptes courants,Très influencé,Mauvais service client,Importants,Par téléphone,BMCE Bank of Africa,8
8/17/2024 0:10:50,Je suis intéressé(e) par une autre banque,Banque Populaire,Casablanca-Settat,Bon service client,Peu influents,Compte entreprise/professionnel,Important,Influencé,Taux d'intérêt compétitifs,Très importante,Haute sécurité,Très important,Mauvaise,Meilleur service client,"Oui, des préoccupations liées au service",Excellent service client,Très probable,Comptes courants,Très influencé,Mauvais service client,Importants,Par téléphone,BMCI BNP Paribas,8
8/17/2024 0:10:50,Je suis intéressé(e) par une autre banque,Banque Populaire,Casablanca-Settat,Bon service client,Peu influents,Compte entreprise/professionnel,Important,Influencé,Taux d'intérêt compétitifs,Très importante,Haute sécurité,Très important,Mauvaise,Meilleur service client,"Oui, des préoccupations liées au service",Excellent service client,Très probable,Comptes courants,Très influencé,Mauvais service client,Importants,Par téléphone,Crédit du Maroc,8
8/17/2024 12:48:34,Je suis intéressé(e) par une autre banque,CIH,Casablanca-Settat,Frais bas,Influents,Compte courant,Très important,Influencé,Frais plus bas,Très importante,Haute sécurité,Très important,Bonne,Meilleur service client,"Oui, des préoccupations liées aux frais",Excellent service client,Neutre,Comptes courants,Peu influencé,Pas d inconvenient jusqu’à maintenant ,Très importants,En personne,BMCE Bank of Africa,3
8/17/2024 14:04:21,Je suis intéressé(e) par une autre banque,CIH,Souss-Massa,Bon service client,Influents,Compte entreprise/professionnel,Important,Très influencé,Frais plus bas,Très importante,Haute sécurité,Important,Neutre,Meilleures fonctionnalités de banque en ligne,Aucune préoccupation,Banque en ligne conviviale,Probable,Comptes courants,Influencé,Fonctionnalités limitées de banque en ligne,Très importants,Application mobile,Attijariwafa Bank,7
8/17/2024 14:04:21,Je suis intéressé(e) par une autre banque,CIH,Souss-Massa,Bon service client,Influents,Compte entreprise/professionnel,Important,Très influencé,Frais plus bas,Très importante,Haute sécurité,Important,Neutre,Meilleures fonctionnalités de banque en ligne,Aucune préoccupation,Banque en ligne conviviale,Probable,Comptes courants,Influencé,Fonctionnalités limitées de banque en ligne,Très importants,Application mobile,Banque Populaire,7
8/18/2024 13:40:35,Je suis intéressé(e) par une autre banque,Attijariwafa Bank,Casablanca-Settat,Bon service client,Influents,Compte courant,Important,Neutre,Plus d'options de compte,Très importante,Haute sécurité,Très important,Bonne,Meilleur service client,"Oui, des préoccupations de sécurité",Excellent service client,Probable,Comptes courants,Neutre,Frais élevés,Importants,Application mobile,Banque Populaire,6
8/18/2024 13:40:35,Je suis intéressé(e) par une autre banque,Attijariwafa Bank,Casablanca-Settat,Bon service client,Influents,Compte courant,Important,Neutre,Plus d'options de compte,Très importante,Haute sécurité,Très important,Bonne,Meilleur service client,"Oui, des préoccupations de sécurité",Excellent service client,Probable,Comptes courants,Neutre,Frais élevés,Importants,Application mobile,Société Générale,6
8/19/2024 11:49:07,Je suis intéressé(e) par une autre banque,Attijariwafa Bank,Marrakech-Safi-Essaouira,Bon service client,Influents,Compte courant,Important,Très influencé,Frais plus bas,Neutre,Intégration d'application mobile,Important,Neutre,Frais plus bas,"Oui, des préoccupations liées aux frais",Excellent service client,Probable,Comptes courants,Neutre,Fonctionnalités limitées de banque en ligne,Très importants,En personne,Banque Populaire,6
8/19/2024 16:18:41,Je suis intéressé(e) par une autre banque,BMCE Bank of Africa,Rabat-Salé-Kenitra,Options de compte,Très influents,Compte d'épargne,Important,Très influencé,Plus d'options de compte,Très importante,Gestion complète du compte,Très important,Neutre,Meilleur service client,"Oui, des préoccupations de sécurité",Excellent service client,Très probable,Comptes courants,Très influencé,Emplacements des agences inconvénients,Très importants,Par téléphone,CIH,7
8/22/2024 15:58:51,Je suis intéressé(e) par une autre banque,Attijariwafa Bank,Casablanca-Settat,Bon service client,Influents,Compte courant,Important,Peu influencé,Frais plus bas,Très importante,Intégration d'application mobile,Très important,Mauvaise,Meilleures fonctionnalités de banque en ligne,"Oui, des préoccupations liées au service",Banque en ligne conviviale,Peu probable,Banque d'affaires,Peu influencé,Frais élevés,Importants,Application mobile,Attijariwafa Bank,0
8/22/2024 15:58:51,Je suis intéressé(e) par une autre banque,Attijariwafa Bank,Casablanca-Settat,Bon service client,Influents,Compte courant,Important,Peu influencé,Frais plus bas,Très importante,Intégration d'application mobile,Très important,Mauvaise,Meilleures fonctionnalités de banque en ligne,"Oui, des préoccupations liées au service",Banque en ligne conviviale,Peu probable,Banque d'affaires,Peu influencé,Frais élevés,Importants,Application mobile,Crédit du Maroc,0
8/25/2024 12:58:51,Je suis intéressé(e) par une autre banque,Banque Populaire,Oriental,Frais bas,Très influents,Compte courant,Important,Très influencé,Meilleures récompenses ou incitations,Très importante,Haute sécurité,Très important,Bonne,Emplacements plus pratiques,"Oui, des préoccupations liées aux frais",Banque en ligne conviviale,Très probable,Comptes courants,Très influencé,Frais élevés,Très importants,Chat en ligne,CIH,6
9/2/2024 16:56:20,Je suis intéressé(e) par une autre banque,CIH,Casablanca-Settat,Fonctionnalités en ligne,Peu influents,Compte courant,Neutre,Influencé,Frais plus bas,Très importante,Haute sécurité,Très important,Mauvaise,Meilleur service client,"Oui, des préoccupations de sécurité",Excellent service client,Probable,Comptes courants,Neutre,Fonctionnalités limitées de banque en ligne,Très importants,Chat en ligne,CFG Bank,8
9/2/2024 17:02:44,Je suis intéressé(e) par une autre banque,Banque Populaire,Oriental,Bon service client,Neutre,Compte courant,Très important,Influencé,Frais plus bas,Très importante,Haute sécurité,Très important,Neutre,Meilleur service client,Aucune préoccupation,Frais et taux compétitifs,Neutre,Comptes courants,Neutre,Frais élevés,Très importants,Par email,CIH,4
9/2/2024 17:04:42,Je suis intéressé(e) par une autre banque,BMCE Bank of Africa,Tanger-Tetouan-Al Hoceima,Bon service client,Influents,Compte d'épargne,Important,Pas influencé du tout,Plus d'options de compte,Importante,Haute sécurité,Important,Neutre,Meilleur service client,"Oui, des préoccupations de sécurité",Excellent service client,Très probable,Comptes d'épargne,Influencé,Fonctionnalités limitées de banque en ligne,Très importants,Par téléphone,Banque Populaire,6
9/2/2024 17:04:42,Je suis intéressé(e) par une autre banque,BMCE Bank of Africa,Tanger-Tetouan-Al Hoceima,Bon service client,Influents,Compte d'épargne,Important,Pas influencé du tout,Plus d'options de compte,Importante,Haute sécurité,Important,Neutre,Meilleur service client,"Oui, des préoccupations de sécurité",Excellent service client,Très probable,Comptes d'épargne,Influencé,Fonctionnalités limitées de banque en ligne,Très importants,Par téléphone,CFG Bank,6
9/2/2024 17:07:07,Je suis intéressé(e) par une autre banque,BMCE Bank of Africa,Oriental,Bon service client,Très influents,Compte d'épargne,Très important,Peu influencé,Frais plus bas,Très importante,Haute sécurité,Très important,Bonne,Meilleur service client,Aucune préoccupation,Banque en ligne conviviale,Très probable,Prêts et crédit,Influencé,Fonctionnalités limitées de banque en ligne,Importants,Par téléphone,Banque Populaire,9
9/2/2024 17:07:07,Je suis intéressé(e) par une autre banque,BMCE Bank of Africa,Oriental,Bon service client,Très influents,Compte d'épargne,Très important,Peu influencé,Frais plus bas,Très importante,Haute sécurité,Très important,Bonne,Meilleur service client,Aucune préoccupation,Banque en ligne conviviale,Très probable,Prêts et crédit,Influencé,Fonctionnalités limitées de banque en ligne,Importants,Par téléphone,BMCE Bank of Africa,9
9/2/2024 17:07:12,Je suis intéressé(e) par une autre banque,Crédit du Maroc,Casablanca-Settat,Options de compte,Neutre,Compte courant,Important,Peu influencé,Plus d'options de compte,Très importante,Haute sécurité,Important,Neutre,Meilleures fonctionnalités de banque en ligne,"Oui, des préoccupations liées au service",Produits financiers complets,Probable,Comptes courants,Influencé,Fonctionnalités limitées de banque en ligne,Importants,Par téléphone,Pas encore décidé ,8
9/2/2024 17:08:58,Je suis intéressé(e) par une autre banque,CIH,Casablanca-Settat,disponibilité au temps du creation,Très influents,Compte d'épargne,Neutre,Neutre,Meilleures récompenses ou incitations,Importante,Gestion complète du compte,Très important,Neutre,Meilleur service client,"Oui, des préoccupations de sécurité",Frais et taux compétitifs,Probable,Comptes d'épargne,Neutre,Mauvais service client,Très importants,Application mobile,Attijariwafa Bank,5
9/2/2024 17:08:58,Je suis intéressé(e) par une autre banque,CIH,Casablanca-Settat,disponibilité au temps du creation,Très influents,Compte d'épargne,Neutre,Neutre,Meilleures récompenses ou incitations,Importante,Gestion complète du compte,Très important,Neutre,Meilleur service client,"Oui, des préoccupations de sécurité",Frais et taux compétitifs,Probable,Comptes d'épargne,Neutre,Mauvais service client,Très importants,Application mobile,Banque Populaire,5
9/2/2024 17:08:58,Je suis intéressé(e) par une autre banque,CIH,Casablanca-Settat,disponibilité au temps du creation,Très influents,Compte d'épargne,Neutre,Neutre,Meilleures récompenses ou incitations,Importante,Gestion complète du compte,Très important,Neutre,Meilleur service client,"Oui, des préoccupations de sécurité",Frais et taux compétitifs,Probable,Comptes d'épargne,Neutre,Mauvais service client,Très importants,Application mobile,Société Générale,5
9/2/2024 17:08:58,Je suis intéressé(e) par une autre banque,CIH,Casablanca-Settat,disponibilité au temps du creation,Très influents,Compte d'épargne,Neutre,Neutre,Meilleures récompenses ou incitations,Importante,Gestion complète du compte,Très important,Neutre,Meilleur service client,"Oui, des préoccupations de sécurité",Frais et taux compétitifs,Probable,Comptes d'épargne,Neutre,Mauvais service client,Très importants,Application mobile,BMCE Bank of Africa,5
9/2/2024 17:08:58,Je suis intéressé(e) par une autre banque,CIH,Casablanca-Settat,disponibilité au temps du creation,Très influents,Compte d'épargne,Neutre,Neutre,Meilleures récompenses ou incitations,Importante,Gestion complète du compte,Très important,Neutre,Meilleur service client,"Oui, des préoccupations de sécurité",Frais et taux compétitifs,Probable,Comptes d'épargne,Neutre,Mauvais service client,Très importants,Application mobile,BMCI BNP Paribas,5
9/2/2024 17:08:58,Je suis intéressé(e) par une autre banque,CIH,Casablanca-Settat,disponibilité au temps du creation,Très influents,Compte d'épargne,Neutre,Neutre,Meilleures récompenses ou incitations,Importante,Gestion complète du compte,Très important,Neutre,Meilleur service client,"Oui, des préoccupations de sécurité",Frais et taux compétitifs,Probable,Comptes d'épargne,Neutre,Mauvais service client,Très importants,Application mobile,Crédit du Maroc,5
9/2/2024 17:08:58,Je suis intéressé(e) par une autre banque,CIH,Casablanca-Settat,disponibilité au temps du creation,Très influents,Compte d'épargne,Neutre,Neutre,Meilleures récompenses ou incitations,Importante,Gestion complète du compte,Très important,Neutre,Meilleur service client,"Oui, des préoccupations de sécurité",Frais et taux compétitifs,Probable,Comptes d'épargne,Neutre,Mauvais service client,Très importants,Application mobile,CIH,5
9/2/2024 17:08:58,Je suis intéressé(e) par une autre banque,CIH,Casablanca-Settat,disponibilité au temps du creation,Très influents,Compte d'épargne,Neutre,Neutre,Meilleures récompenses ou incitations,Importante,Gestion complète du compte,Très important,Neutre,Meilleur service client,"Oui, des préoccupations de sécurité",Frais et taux compétitifs,Probable,Comptes d'épargne,Neutre,Mauvais service client,Très importants,Application mobile,CFG Bank,5
9/2/2024 17:11:39,Je suis intéressé(e) par une autre banque,BMCE Bank of Africa,Rabat-Salé-Kenitra,Bon service client,Très influents,Compte courant,Important,Pas influencé du tout,Frais plus bas,Très importante,Gestion complète du compte,Très important,Neutre,Meilleures fonctionnalités de banque en ligne,"Oui, des préoccupations liées au service",Banque en ligne conviviale,Très probable,Comptes courants,Peu influencé,Mauvais service client,Neutre,Par email,CIH,7
9/2/2024 17:20:51,Je suis intéressé(e) par une autre banque,Attijariwafa Bank,Casablanca-Settat,Bon service client,Très influents,Compte courant,Très important,Très influencé,Taux d'intérêt compétitifs,Importante,Haute sécurité,Important,Bonne,Meilleur service client,"Oui, des préoccupations de sécurité",Excellent service client,Probable,Comptes d'épargne,Influencé,Frais élevés,Très importants,Application mobile,Attijariwafa Bank,10
9/2/2024 17:21:15,Je suis intéressé(e) par une autre banque,Attijariwafa Bank,Fes-Meknes,Frais bas,Influents,Compte courant,Très important,Très influencé,Plus d'options de compte,Très importante,Gestion complète du compte,Très important,Mauvaise,Meilleures fonctionnalités de banque en ligne,"Oui, des préoccupations de sécurité",Banque en ligne conviviale,Probable,Comptes courants,Très influencé,Frais élevés,Très importants,Application mobile,Attijariwafa Bank,4
9/2/2024 17:21:15,Je suis intéressé(e) par une autre banque,Attijariwafa Bank,Fes-Meknes,Frais bas,Influents,Compte courant,Très important,Très influencé,Plus d'options de compte,Très importante,Gestion complète du compte,Très important,Mauvaise,Meilleures fonctionnalités de banque en ligne,"Oui, des préoccupations de sécurité",Banque en ligne conviviale,Probable,Comptes courants,Très influencé,Frais élevés,Très importants,Application mobile,Société Générale,4
9/2/2024 17:37:44,Je suis intéressé(e) par une autre banque,Banque Populaire,Rabat-Salé-Kenitra,Options de compte,Influents,Compte courant,Important,Neutre,Plus d'options de compte,Importante,Haute sécurité,Très important,Neutre,Meilleur service client,"Oui, des préoccupations liées au service",Excellent service client,Neutre,Comptes courants,Neutre,Rien ,Très importants,En personne,Attijariwafa Bank,4
9/2/2024 17:45:13,Je suis intéressé(e) par une autre banque,Banque Populaire,Casablanca-Settat,Bon service client,Très influents,Compte courant,Très important,Neutre,Frais plus bas,Très importante,Gestion complète du compte,Très important,Bonne,Frais plus bas,Aucune préoccupation,Excellent service client,Probable,Comptes courants,Influencé,Mauvais service client,Importants,Par téléphone,CIH,6
9/2/2024 17:53:06,Je suis intéressé(e) par une autre banque,Banque Populaire,Rabat-Salé-Kenitra,Bon service client,Influents,Compte d'épargne,Très important,Très influencé,Taux d'intérêt compétitifs,Très importante,Haute sécurité,Très important,Bonne,Meilleur service client,"Oui, des préoccupations de sécurité",Excellent service client,Probable,Comptes d'épargne,Influencé,Mauvais service client,Très importants,Par téléphone,Attijariwafa Bank,7
9/2/2024 17:53:06,Je suis intéressé(e) par une autre banque,Banque Populaire,Rabat-Salé-Kenitra,Bon service client,Influents,Compte d'épargne,Très important,Très influencé,Taux d'intérêt compétitifs,Très importante,Haute sécurité,Très important,Bonne,Meilleur service client,"Oui, des préoccupations de sécurité",Excellent service client,Probable,Comptes d'épargne,Influencé,Mauvais service client,Très importants,Par téléphone,CIH,7
9/2/2024 17:53:18,Je suis intéressé(e) par une autre banque,CIH,Casablanca-Settat,Bon service client,Très influents,Compte d'épargne,Très important,Influencé,Plus d'options de compte,Importante,Haute sécurité,Neutre,Bonne,Meilleur service client,"Oui, des préoccupations liées aux frais",Frais et taux compétitifs,Probable,Comptes courants,Influencé,Fonctionnalités limitées de banque en ligne,Importants,En personne,Attijariwafa Bank,8
9/2/2024 18:07:25,Je suis intéressé(e) par une autre banque,CIH,Casablanca-Settat,Bon service client,Neutre,Compte courant,Très important,Peu influencé,Frais plus bas,Importante,Haute sécurité,Très important,Bonne,Meilleur service client,"Oui, des préoccupations de sécurité",Excellent service client,Probable,Comptes courants,Très influencé,Mauvais service client,Importants,En personne,Attijariwafa Bank,9
9/2/2024 18:08:24,Je suis intéressé(e) par une autre banque,BMCE Bank of Africa,Fes-Meknes,Options de compte,Neutre,Compte courant,Très important,Influencé,Plus d'options de compte,Très importante,Intégration d'application mobile,Très important,Neutre,Meilleures fonctionnalités de banque en ligne,"Oui, des préoccupations de sécurité",Frais et taux compétitifs,Probable,Comptes courants,Très influencé,Frais élevés,Importants,Chat en ligne,BMCE Bank of Africa,7
9/2/2024 18:08:24,Je suis intéressé(e) par une autre banque,BMCE Bank of Africa,Fes-Meknes,Options de compte,Neutre,Compte courant,Très important,Influencé,Plus d'options de compte,Très importante,Intégration d'application mobile,Très important,Neutre,Meilleures fonctionnalités de banque en ligne,"Oui, des préoccupations de sécurité",Frais et taux compétitifs,Probable,Comptes courants,Très influencé,Frais élevés,Importants,Chat en ligne,CIH,7
9/2/2024 18:18:41,Je suis intéressé(e) par une autre banque,Attijariwafa Bank,Casablanca-Settat,Bon service client,Influents,Compte courant,Très important,Très influencé,Plus d'options de compte,Très importante,Haute sécurité,Très important,Mauvaise,Meilleures fonctionnalités de banque en ligne,Aucune préoccupation,Excellent service client,Très improbable,Comptes courants,Très influencé,Emplacements des agences inconvénients,Très importants,Application mobile,Banque Populaire,0
9/2/2024 18:28:30,Je suis intéressé(e) par une autre banque,CIH,Casablanca-Settat,Bon service client,Influents,Compte courant,Très important,Influencé,Plus d'options de compte,Très importante,Haute sécurité,Très important,Bonne,Meilleur service client,"Oui, des préoccupations de sécurité",Excellent service client,Peu probable,Comptes courants,Pas influencé du tout,Emplacements des agences inconvénients,Très importants,En personne,Attijariwafa Bank,1
9/2/2024 18:28:33,Je suis intéressé(e) par une autre banque,"attijari, société générale, cih ",Casablanca-Settat,"fiabilité, service online, service client ",Influents,Compte courant,Important,Pas influencé du tout,Frais plus bas,Très importante,Gestion complète du compte,Important,Mauvaise,service bancaire a l'étranger ,"Oui, des préoccupations de sécurité",Excellent service client,Peu probable,Comptes courants,Influencé,Fonctionnalités limitées de banque en ligne,Neutre,Par téléphone,BMCE Bank of Africa,0
9/2/2024 19:00:07,Je suis intéressé(e) par une autre banque,BMCE Bank of Africa,Tanger-Tetouan-Al Hoceima,Bon service client,Neutre,Compte courant,Important,Influencé,Frais plus bas,Importante,Haute sécurité,Important,Bonne,Frais plus bas,Aucune préoccupation,Excellent service client,Probable,Comptes courants,Neutre,Rien,Très importants,Par téléphone,BMCE Bank of Africa,5
9/2/2024 19:03:10,Je suis intéressé(e) par une autre banque,CIH,Casablanca-Settat,Options de compte,Influents,Compte d'épargne,Important,Très influencé,Frais plus bas,Très importante,Intégration d'application mobile,Important,Bonne,Meilleur service client,"Oui, des préoccupations liées au service",Frais et taux compétitifs,Neutre,Comptes courants,Très influencé,Mauvais service client,Neutre,En personne,CIH,8
9/2/2024 19:19:48,Je suis intéressé(e) par une autre banque,CIH,Beni Mellal-Khenifra,Fonctionnalités en ligne,Influents,Compte courant,Important,Neutre,Frais plus bas,Très importante,Intégration d'application mobile,Important,Bonne,Meilleures fonctionnalités de banque en ligne,"Oui, des préoccupations de sécurité",Frais et taux compétitifs,Probable,Banque d'affaires,Neutre,Emplacements des agences inconvénients,Très importants,Chat en ligne,Banque Populaire,7
9/2/2024 19:19:48,Je suis intéressé(e) par une autre banque,CIH,Beni Mellal-Khenifra,Fonctionnalités en ligne,Influents,Compte courant,Important,Neutre,Frais plus bas,Très importante,Intégration d'application mobile,Important,Bonne,Meilleures fonctionnalités de banque en ligne,"Oui, des préoccupations de sécurité",Frais et taux compétitifs,Probable,Banque d'affaires,Neutre,Emplacements des agences inconvénients,Très importants,Chat en ligne,Société Générale,7
9/2/2024 19:19:48,Je suis intéressé(e) par une autre banque,CIH,Beni Mellal-Khenifra,Fonctionnalités en ligne,Influents,Compte courant,Important,Neutre,Frais plus bas,Très importante,Intégration d'application mobile,Important,Bonne,Meilleures fonctionnalités de banque en ligne,"Oui, des préoccupations de sécurité",Frais et taux compétitifs,Probable,Banque d'affaires,Neutre,Emplacements des agences inconvénients,Très importants,Chat en ligne,CFG Bank,7
9/2/2024 20:17:00,Je suis intéressé(e) par une autre banque,Attijariwafa Bank,Casablanca-Settat,Bon service client,Influents,Compte courant,Neutre,Influencé,Plus d'options de compte,Très importante,Intégration d'application mobile,Très important,Mauvaise,Meilleures fonctionnalités de banque en ligne,"Oui, des préoccupations liées aux frais",Banque en ligne conviviale,Neutre,Comptes courants,Très influencé,Emplacements des agences inconvénients,Très importants,Par téléphone,Société Générale,5
9/2/2024 20:17:00,Je suis intéressé(e) par une autre banque,Attijariwafa Bank,Casablanca-Settat,Bon service client,Influents,Compte courant,Neutre,Influencé,Plus d'options de compte,Très importante,Intégration d'application mobile,Très important,Mauvaise,Meilleures fonctionnalités de banque en ligne,"Oui, des préoccupations liées aux frais",Banque en ligne conviviale,Neutre,Comptes courants,Très influencé,Emplacements des agences inconvénients,Très importants,Par téléphone,BMCE Bank of Africa,5
9/2/2024 20:52:33,Je suis intéressé(e) par une autre banque,CIH,Casablanca-Settat,Frais bas,Influents,Compte courant,Important,Très influencé,Frais plus bas,Importante,Haute sécurité,Important,Bonne,Meilleur service client,"Oui, des préoccupations liées au service",Excellent service client,Probable,Comptes courants,Neutre,"Disponibilité des services/guichet (souvent hors service, bug)",Importants,Chat en ligne,CFG Bank,3
9/2/2024 21:02:07,Je suis intéressé(e) par une autre banque,Attijariwafa Bank,Casablanca-Settat,Fonctionnalités en ligne,Influents,Compte courant,Très important,Influencé,Plus d'options de compte,Très importante,Haute sécurité,Très important,Bonne,Meilleur service client,"Oui, des préoccupations liées au service",Frais et taux compétitifs,Très probable,Comptes d'épargne,Neutre,Emplacements des agences inconvénients,Très importants,Par téléphone,Attijariwafa Bank,3
9/2/2024 21:02:07,Je suis intéressé(e) par une autre banque,Attijariwafa Bank,Casablanca-Settat,Fonctionnalités en ligne,Influents,Compte courant,Très important,Influencé,Plus d'options de compte,Très importante,Haute sécurité,Très important,Bonne,Meilleur service client,"Oui, des préoccupations liées au service",Frais et taux compétitifs,Très probable,Comptes d'épargne,Neutre,Emplacements des agences inconvénients,Très importants,Par téléphone,Banque Populaire,3
9/2/2024 21:02:07,Je suis intéressé(e) par une autre banque,Attijariwafa Bank,Casablanca-Settat,Fonctionnalités en ligne,Influents,Compte courant,Très important,Influencé,Plus d'options de compte,Très importante,Haute sécurité,Très important,Bonne,Meilleur service client,"Oui, des préoccupations liées au service",Frais et taux compétitifs,Très probable,Comptes d'épargne,Neutre,Emplacements des agences inconvénients,Très importants,Par téléphone,CIH,3
9/2/2024 21:37:07,Je suis intéressé(e) par une autre banque,CIH,Casablanca-Settat,Bon service client,Influents,Compte courant,Important,Influencé,Plus d'options de compte,Importante,Gestion complète du compte,Important,Bonne,Meilleures fonctionnalités de banque en ligne,Aucune préoccupation,Excellent service client,Probable,Comptes courants,Influencé,Fonctionnalités limitées de banque en ligne,Importants,Par téléphone,Banque Populaire,7
9/2/2024 22:45:45,Je suis intéressé(e) par une autre banque,CIH,Casablanca-Settat,Bon service client,Neutre,Compte courant,Très important,Influencé,Plus d'options de compte,Très importante,Haute sécurité,Très important,Neutre,Emplacements plus pratiques,"Oui, des préoccupations de sécurité",Excellent service client,Probable,Comptes courants,Peu influencé,Mauvais service client,Peu importants,En personne,BMCE Bank of Africa,5
9/2/2024 22:45:45,Je suis intéressé(e) par une autre banque,CIH,Casablanca-Settat,Bon service client,Neutre,Compte courant,Très important,Influencé,Plus d'options de compte,Très importante,Haute sécurité,Très important,Neutre,Emplacements plus pratiques,"Oui, des préoccupations de sécurité",Excellent service client,Probable,Comptes courants,Peu influencé,Mauvais service client,Peu importants,En personne,CIH,5
9/2/2024 22:45:45,Je suis intéressé(e) par une autre banque,CIH,Casablanca-Settat,Bon service client,Neutre,Compte courant,Très important,Influencé,Plus d'options de compte,Très importante,Haute sécurité,Très important,Neutre,Emplacements plus pratiques,"Oui, des préoccupations de sécurité",Excellent service client,Probable,Comptes courants,Peu influencé,Mauvais service client,Peu importants,En personne,CFG Bank,5
9/2/2024 23:02:14,Je suis intéressé(e) par une autre banque,CIH,Casablanca-Settat,Fonctionnalités en ligne,Peu influents,Compte courant,Très important,Neutre,Frais plus bas,Très importante,Navigation facile,Très important,Bonne,Meilleur service client,"Oui, des préoccupations liées aux frais",Excellent service client,Probable,Comptes courants,Neutre,Mauvais service client,Importants,Par téléphone,Attijariwafa Bank,6
9/2/2024 23:17:18,Je suis intéressé(e) par une autre banque,CIH,Casablanca-Settat,Fonctionnalités en ligne,Très influents,Compte courant,Neutre,Influencé,Frais plus bas,Très importante,Haute sécurité,Très important,Neutre,Meilleures fonctionnalités de banque en ligne,"Oui, des préoccupations de sécurité",Banque en ligne conviviale,Très probable,Comptes courants,Très influencé,Sécurité ,Très importants,Par email,Attijariwafa Bank,10
9/3/2024 11:17:46,Je suis intéressé(e) par une autre banque,CIH,Rabat-Salé-Kenitra,Bon service client,Neutre,Compte courant,Important,Neutre,Plus d'options de compte,Très importante,Gestion complète du compte,Important,Bonne,Meilleures fonctionnalités de banque en ligne,"Oui, des préoccupations de sécurité",Banque en ligne conviviale,Très probable,Comptes courants,Influencé,Mauvais service client,Très importants,Chat en ligne,CFG Bank,9
9/3/2024 11:52:33,Je suis intéressé(e) par une autre banque,CIH,Drâa-Tafilalet,Frais bas,Très influents,Compte d'épargne,Très important,Influencé,Frais plus bas,Importante,Haute sécurité,Important,Excellente,Frais plus bas,"Oui, des préoccupations de sécurité",Banque en ligne conviviale,Probable,Comptes d'épargne,Influencé,Frais élevés,Importants,Par téléphone,CIH,10
9/3/2024 13:27:45,Je suis intéressé(e) par une autre banque,CIH,Souss-Massa,Options de compte,Influents,Compte courant,Important,Neutre,Meilleures récompenses ou incitations,Très importante,Intégration d'application mobile,Très important,Excellente,Meilleur service client,"Oui, des préoccupations liées au service",Excellent service client,Probable,Comptes courants,Neutre,Emplacements des agences inconvénients,Très importants,Chat en ligne,CIH,5
9/3/2024 14:31:10,Je suis intéressé(e) par une autre banque,CIH,Beni Mellal-Khenifra,Bon service client,Influents,Compte courant,Très important,Très influencé,Frais plus bas,Très importante,Haute sécurité,Très important,Très mauvaise,Meilleur service client,"Oui, des préoccupations liées au service",Excellent service client,Probable,Comptes courants,Influencé,Mauvais service client,Très importants,Application mobile,Banque Populaire,9
9/3/2024 14:31:10,Je suis intéressé(e) par une autre banque,CIH,Beni Mellal-Khenifra,Bon service client,Influents,Compte courant,Très important,Très influencé,Frais plus bas,Très importante,Haute sécurité,Très important,Très mauvaise,Meilleur service client,"Oui, des préoccupations liées au service",Excellent service client,Probable,Comptes courants,Influencé,Mauvais service client,Très importants,Application mobile,Société Générale,9
9/3/2024 14:31:10,Je suis intéressé(e) par une autre banque,CIH,Beni Mellal-Khenifra,Bon service client,Influents,Compte courant,Très important,Très influencé,Frais plus bas,Très importante,Haute sécurité,Très important,Très mauvaise,Meilleur service client,"Oui, des préoccupations liées au service",Excellent service client,Probable,Comptes courants,Influencé,Mauvais service client,Très importants,Application mobile,Crédit du Maroc,9
9/3/2024 17:10:38,Je suis intéressé(e) par une autre banque,CIH,Casablanca-Settat,Fonctionnalités en ligne,Influents,Compte courant,Important,Neutre,Plus d'options de compte,Très importante,Haute sécurité,Très important,Bonne,Frais plus bas,"Oui, des préoccupations de sécurité",Banque en ligne conviviale,Probable,Comptes courants,Influencé,Mauvais service client,Très importants,Par téléphone,Banque Populaire,6
9/3/2024 23:33:22,Je suis intéressé(e) par une autre banque,CFG Bank,Casablanca-Settat,"Good client service, but after I discover their digitalization is a joke.",Peu influents,Compte courant,Pas important du tout,Influencé,Meilleures récompenses ou incitations,Très importante,Haute sécurité,Très important,Neutre,Meilleur service client,"Oui, des préoccupations de sécurité",Excellent service client,Très probable,Comptes courants,Neutre,Mauvais service client,Importants,Application mobile,None,7
9/4/2024 0:40:04,Je suis intéressé(e) par une autre banque,CIH,Casablanca-Settat,Bon service client,Neutre,Compte courant,Très important,Neutre,Plus d'options de compte,Importante,Gestion complète du compte,Très important,Mauvaise,Meilleur service client,"Oui, des préoccupations de sécurité",Excellent service client,Très probable,Comptes courants,Influencé,Mauvais service client,Importants,Par téléphone,BMCE Bank of Africa,9
9/4/2024 13:33:07,Je suis intéressé(e) par une autre banque,CIH,Casablanca-Settat,Bon service client,Influents,Compte d'épargne,Important,Influencé,Frais plus bas,Importante,Haute sécurité,Important,Bonne,Meilleur service client,"Oui, des préoccupations liées aux frais",Frais et taux compétitifs,Probable,Banque d'affaires,Neutre,Mauvais service client,Importants,Par téléphone,BMCE Bank of Africa,5
9/4/2024 13:46:57,Je suis intéressé(e) par une autre banque,Société Générale,Casablanca-Settat,Bon service client,Pas influents du tout,Compte courant,Très important,Neutre,Plus d'options de compte,Neutre,Haute sécurité,Neutre,Bonne,Frais plus bas,Aucune préoccupation,Excellent service client,Neutre,Prêts et crédit,Neutre,Fonctionnalités limitées de banque en ligne,Neutre,Par téléphone,Société Générale,9
9/5/2024 2:20:25,Je suis intéressé(e) par une autre banque,Attijariwafa Bank,Tanger-Tetouan-Al Hoceima,Bon service client,Influents,Compte courant,Très important,Neutre,Plus d'options de compte,Très importante,Haute sécurité,Important,Bonne,Frais plus bas,Aucune préoccupation,Excellent service client,Probable,Comptes courants,Peu influencé,Frais élevés,Très importants,En personne,Attijariwafa Bank,4
9/5/2024 2:20:25,Je suis intéressé(e) par une autre banque,Attijariwafa Bank,Tanger-Tetouan-Al Hoceima,Bon service client,Influents,Compte courant,Très important,Neutre,Plus d'options de compte,Très importante,Haute sécurité,Important,Bonne,Frais plus bas,Aucune préoccupation,Excellent service client,Probable,Comptes courants,Peu influencé,Frais élevés,Très importants,En personne,Banque Populaire,4
9/5/2024 2:20:25,Je suis intéressé(e) par une autre banque,Attijariwafa Bank,Tanger-Tetouan-Al Hoceima,Bon service client,Influents,Compte courant,Très important,Neutre,Plus d'options de compte,Très importante,Haute sécurité,Important,Bonne,Frais plus bas,Aucune préoccupation,Excellent service client,Probable,Comptes courants,Peu influencé,Frais élevés,Très importants,En personne,Société Générale,4
9/5/2024 2:20:25,Je suis intéressé(e) par une autre banque,Attijariwafa Bank,Tanger-Tetouan-Al Hoceima,Bon service client,Influents,Compte courant,Très important,Neutre,Plus d'options de compte,Très importante,Haute sécurité,Important,Bonne,Frais plus bas,Aucune préoccupation,Excellent service client,Probable,Comptes courants,Peu influencé,Frais élevés,Très importants,En personne,BMCI BNP Paribas,4
9/5/2024 18:41:34,Je suis intéressé(e) par une autre banque,Société Générale,Casablanca-Settat,Bon service client,Très influents,Compte courant,Important,Influencé,Plus d'options de compte,Très importante,Haute sécurité,Très important,Neutre,Meilleures fonctionnalités de banque en ligne,"Oui, des préoccupations liées au service",Excellent service client,Neutre,Comptes d'épargne,Influencé,Fonctionnalités limitées de banque en ligne,Très importants,Chat en ligne,Attijariwafa Bank,3
9/5/2024 18:41:34,Je suis intéressé(e) par une autre banque,Société Générale,Casablanca-Settat,Bon service client,Très influents,Compte courant,Important,Influencé,Plus d'options de compte,Très importante,Haute sécurité,Très important,Neutre,Meilleures fonctionnalités de banque en ligne,"Oui, des préoccupations liées au service",Excellent service client,Neutre,Comptes d'épargne,Influencé,Fonctionnalités limitées de banque en ligne,Très importants,Chat en ligne,CFG Bank,3
9/9/2024 11:25:28,Je suis intéressé(e) par une autre banque,BMCE Bank of Africa,Marrakech-Safi-Essaouira,Frais bas,Influents,Compte courant,Très important,Neutre,Frais plus bas,Très importante,Gestion complète du compte,Important,Bonne,Frais plus bas,"Oui, des préoccupations de sécurité",Banque en ligne conviviale,Peu probable,Comptes courants,Très influencé,Fonctionnalités limitées de banque en ligne,Très importants,Application mobile,BMCE Bank of Africa,3
9/11/2024 17:36:59,Je suis intéressé(e) par une autre banque,CIH,Casablanca-Settat,Bon service client,Influents,Compte courant,Très important,Neutre,Plus d'options de compte,Très importante,Navigation facile,Très important,Bonne,Meilleur service client,"Oui, des préoccupations de sécurité",Excellent service client,Très probable,Comptes courants,Très influencé,Mauvais service client,Très importants,En personne,Attijariwafa Bank,10
9/12/2024 10:23:13,Je suis intéressé(e) par une autre banque,TGR ,Casablanca-Settat,Sécurité ,Neutre,Compte d'épargne,Pas important du tout,Influencé,Frais plus bas,Neutre,Haute sécurité,Très important,Bonne,Plus de sécurité ,"Oui, des préoccupations de sécurité",Excellent service client,Neutre,Comptes d'épargne,Neutre,Fonctionnalités limitées de banque en ligne,Peu importants,Par email,Attijariwafa Bank,2